[{"departmentName":"Office of the President","departmentNumber":"401000","directoryFullName":"Gallop, Sarah Eusden","directoryTitle":"Co-Director, Ofc of Government \u0026 Community Relatns","emailAddress":"SEG@MIT.EDU","emailAddressUppercase":"SEG@MIT.EDU","firstName":"Sarah","fullName":"Gallop, Sarah E","fullNameUppercase":"GALLOP, SARAH E","krbName":"seg","krbNameUppercase":"SEG","lastName":"Gallop","middleName":"E","mitId":"900000216","nameKnownBy":"Sarah Eusden","officeLocation":"11-245","officePhone":"6172530942","personalUrl":"","primaryTitle":"Co-Director, Ofc of Government \u0026 Community Relatns"},{"departmentName":"Department of Mechanical Engineering","departmentNumber":"065000","directoryFullName":"Wong, Victor W","directoryTitle":"Principal Research Scientist","emailAddress":"VWONG@MIT.EDU","emailAddressUppercase":"VWONG@MIT.EDU","firstName":"Victor","fullName":"Wong, Victor W","fullNameUppercase":"WONG, VICTOR W","krbName":"vwong","krbNameUppercase":"VWONG","lastName":"Wong","middleName":"W","mitId":"900000213","nameKnownBy":"","officeLocation":"31-155","officePhone":"6172535231","personalUrl":"","primaryTitle":"Principal Research Scientist"},{"departmentName":"Alumni Association","departmentNumber":"871000","directoryFullName":"Poisson, D Timothy","directoryTitle":"Director, Marketing","emailAddress":"TPOISSON@MIT.EDU","emailAddressUppercase":"TPOISSON@MIT.EDU","firstName":"D Timothy","fullName":"Poisson, D Timothy","fullNameUppercase":"POISSON, D TIMOTHY","krbName":"tpoisson","krbNameUppercase":"TPOISSON","lastName":"Poisson","middleName":"","mitId":"900050075","nameKnownBy":"","officeLocation":"W98-151","officePhone":"6172538281","personalUrl":"","primaryTitle":"Director, Marketing"},{"departmentName":"Music and Theater Arts Section","departmentNumber":"093700","directoryFullName":"Harris Jr, Frederick E","directoryTitle":"Director of Wind Ensembles and Lecturer in Music","emailAddress":"FHARRIS@MIT.EDU","emailAddressUppercase":"FHARRIS@MIT.EDU","firstName":"Frederick","fullName":"Harris Jr, Frederick E","fullNameUppercase":"HARRIS JR, FREDERICK E","krbName":"fharris","krbNameUppercase":"FHARRIS","lastName":"Harris","middleName":"E","mitId":"900049304","nameKnownBy":"","officeLocation":"10-271","officePhone":"6174522283","personalUrl":"","primaryTitle":"Director of Wind Ensembles and Lecturer in Music"},{"departmentName":"Department of Architecture","departmentNumber":"031000","directoryFullName":"Arguello, Jose Luis","directoryTitle":"Administrative Assistant II","emailAddress":"JLAR@MIT.EDU","emailAddressUppercase":"JLAR@MIT.EDU","firstName":"Jose","fullName":"Arguello, Jose L","fullNameUppercase":"ARGUELLO, JOSE L","krbName":"jlar","krbNameUppercase":"JLAR","lastName":"Arguello","middleName":"L","mitId":"900052706","nameKnownBy":"Jose Luis","officeLocation":"10-390","officePhone":"6172531400","personalUrl":"","primaryTitle":"Administrative Assistant II"},{"departmentName":"Global Studies and Languages","departmentNumber":"093300","directoryFullName":"McLellan, Kevin","directoryTitle":"Administrative Assistant II","emailAddress":"POET@MIT.EDU","emailAddressUppercase":"POET@MIT.EDU","firstName":"Kevin","fullName":"McLellan, Kevin D","fullNameUppercase":"MCLELLAN, KEVIN D","krbName":"poet","krbNameUppercase":"POET","lastName":"McLellan","middleName":"D","mitId":"900052036","nameKnownBy":"Kevin","officeLocation":"14N-305","officePhone":"6172534771","personalUrl":"","primaryTitle":"Administrative Assistant II"},{"departmentName":"Haystack Observatory","departmentNumber":"401710","directoryFullName":"Dudevoir, Kevin A","directoryTitle":"Research Engineer","emailAddress":"KAD@HAYSTACK.MIT.EDU","emailAddressUppercase":"KAD@HAYSTACK.MIT.EDU","firstName":"Kevin","fullName":"Dudevoir, Kevin A","fullNameUppercase":"DUDEVOIR, KEVIN A","krbName":"dudevoir","krbNameUppercase":"DUDEVOIR","lastName":"Dudevoir","middleName":"A","mitId":"900000307","nameKnownBy":"","officeLocation":"HAYSTCK_OB-H-2","officePhone":"7819810519","personalUrl":"","primaryTitle":"Research Engineer"},{"departmentName":"Copy Technology Centers","departmentNumber":"874200","directoryFullName":"Del Prete, Rita L","directoryTitle":"Financial Assistant II","emailAddress":"RITADEL@MIT.EDU","emailAddressUppercase":"RITADEL@MIT.EDU","firstName":"Rita","fullName":"Del Prete, Rita L","fullNameUppercase":"DEL PRETE, RITA L","krbName":"ritadel","krbNameUppercase":"RITADEL","lastName":"Del Prete","middleName":"L","mitId":"900043592","nameKnownBy":"Rita L","officeLocation":"3-015A","officePhone":"6172580334","personalUrl":"","primaryTitle":"Financial Assistant II"},{"departmentName":"Media Laboratory","departmentNumber":"039000","directoryFullName":"Robertson, David M.","directoryTitle":"Senior Administrative Assistant","emailAddress":"DMR@MEDIA.MIT.EDU","emailAddressUppercase":"DMR@MEDIA.MIT.EDU","firstName":"David","fullName":"Robertson, David","fullNameUppercase":"ROBERTSON, DAVID","krbName":"dmrobert","krbNameUppercase":"DMROBERT","lastName":"Robertson","middleName":"","mitId":"900043530","nameKnownBy":"David M.","officeLocation":"E14-245","officePhone":"6032327777","personalUrl":"","primaryTitle":"Senior Administrative Assistant"}]