Mit Id	Last Name	First Name	Middle Name	Full Name	Directory Full Name	Office Location	Office Phone	Directory Title	Primary Title	Department Number	Department Name	Krb Name	Krb Name Uppercase	Email Address	Personal Url	Name Known By	Email Address Uppercase	Full Name Uppercase
900000216	Gallop	Sarah	E	"Gallop, Sarah E"	"Gallop, Sarah Eusden"	11-245	6172530942	"Co-Director, Ofc of Government & Community Relatns"	"Co-Director, Ofc of Government & Community Relatns"	401000	Office of the President	seg	SEG	SEG@MIT.EDU		Sarah Eusden	SEG@MIT.EDU	"GALLOP, SARAH E"
900000213	Wong	Victor	W	"Wong, Victor W"	"Wong, Victor W"	31-155	6172535231	Principal Research Scientist	Principal Research Scientist	065000	Department of Mechanical Engineering	vwong	VWONG	VWONG@MIT.EDU			VWONG@MIT.EDU	"WONG, VICTOR W"
900050075	Poisson	D Timothy		"Poisson, D Timothy"	"Poisson, D Timothy"	W98-151	6172538281	"Director, Marketing"	"Director, Marketing"	871000	Alumni Association	tpoisson	TPOISSON	TPOISSON@MIT.EDU			TPOISSON@MIT.EDU	"POISSON, D TIMOTHY"
900049304	Harris	Frederick	E	"Harris Jr, Frederick E"	"Harris Jr, Frederick E"	10-271	6174522283	Director of Wind Ensembles and Lecturer in Music	Director of Wind Ensembles and Lecturer in Music	093700	Music and Theater Arts Section	fharris	FHARRIS	FHARRIS@MIT.EDU			FHARRIS@MIT.EDU	"HARRIS JR, FREDERICK E"
900052706	Arguello	Jose	L	"Arguello, Jose L"	"Arguello, Jose Luis"	10-390	6172531400	Administrative Assistant II	Administrative Assistant II	031000	Department of Architecture	jlar	JLAR	JLAR@MIT.EDU		Jose Luis	JLAR@MIT.EDU	"ARGUELLO, JOSE L"
900052036	McLellan	Kevin	D	"McLellan, Kevin D"	"McLellan, Kevin"	14N-305	6172534771	Administrative Assistant II	Administrative Assistant II	093300	Global Studies and Languages	poet	POET	POET@MIT.EDU		Kevin	POET@MIT.EDU	"MCLELLAN, KEVIN D"
900000307	Dudevoir	Kevin	A	"Dudevoir, Kevin A"	"Dudevoir, Kevin A"	HAYSTCK_OB-H-2	7819810519	Research Engineer	Research Engineer	401710	Haystack Observatory	dudevoir	DUDEVOIR	KAD@HAYSTACK.MIT.EDU			KAD@HAYSTACK.MIT.EDU	"DUDEVOIR, KEVIN A"
900043592	Del Prete	Rita	L	"Del Prete, Rita L"	"Del Prete, Rita L"	3-015A	6172580334	Financial Assistant II	Financial Assistant II	874200	Copy Technology Centers	ritadel	RITADEL	RITADEL@MIT.EDU		Rita L	RITADEL@MIT.EDU	"DEL PRETE, RITA L"
900043530	Robertson	David		"Robertson, David"	"Robertson, David M."	E14-245	6032327777	Senior Administrative Assistant	Senior Administrative Assistant	039000	Media Laboratory	dmrobert	DMROBERT	DMR@MEDIA.MIT.EDU		David M.	DMR@MEDIA.MIT.EDU	"ROBERTSON, DAVID"